Dummy commit on Fri Jul  4 12:07:04 UTC 2025
Dummy commit on Sun Aug 24 00:11:09 UTC 2025
Dummy commit on Mon Aug 25 00:10:28 UTC 2025
Dummy commit on Tue Aug 26 00:09:55 UTC 2025
Dummy commit on Wed Aug 27 00:10:04 UTC 2025
Dummy commit on Thu Aug 28 00:09:57 UTC 2025
Dummy commit on Fri Aug 29 00:09:56 UTC 2025
Dummy commit on Sat Aug 30 00:09:11 UTC 2025
Dummy commit on Sun Aug 31 00:11:09 UTC 2025
Dummy commit on Mon Sep  1 00:12:07 UTC 2025
Dummy commit on Tue Sep  2 00:09:47 UTC 2025
Dummy commit on Wed Sep  3 00:09:10 UTC 2025
Dummy commit on Thu Sep  4 00:09:11 UTC 2025
Dummy commit on Fri Sep  5 00:09:58 UTC 2025
Dummy commit on Sat Sep  6 00:09:13 UTC 2025
Dummy commit on Sun Sep  7 00:10:29 UTC 2025
Dummy commit on Mon Sep  8 00:10:35 UTC 2025
Dummy commit on Tue Sep  9 00:10:12 UTC 2025
Dummy commit on Wed Sep 10 00:09:57 UTC 2025
Dummy commit on Thu Sep 11 00:10:10 UTC 2025
Dummy commit on Fri Sep 12 00:10:17 UTC 2025
Dummy commit on Sat Sep 13 00:08:50 UTC 2025
Dummy commit on Sun Sep 14 00:10:20 UTC 2025
Dummy commit on Mon Sep 15 00:10:30 UTC 2025
Dummy commit on Tue Sep 16 00:09:46 UTC 2025
Dummy commit on Wed Sep 17 00:10:03 UTC 2025
Dummy commit on Thu Sep 18 00:09:51 UTC 2025
Dummy commit on Fri Sep 19 00:10:10 UTC 2025
Dummy commit on Sat Sep 20 00:09:10 UTC 2025
Dummy commit on Sun Sep 21 00:10:41 UTC 2025
Dummy commit on Mon Sep 22 00:10:40 UTC 2025
Dummy commit on Tue Sep 23 00:10:18 UTC 2025
Dummy commit on Wed Sep 24 00:10:13 UTC 2025
Dummy commit on Thu Sep 25 00:09:59 UTC 2025
Dummy commit on Fri Sep 26 00:09:57 UTC 2025
Dummy commit on Sat Sep 27 00:09:13 UTC 2025
Dummy commit on Sun Sep 28 00:10:49 UTC 2025
Dummy commit on Mon Sep 29 00:10:15 UTC 2025
Dummy commit on Tue Sep 30 00:10:26 UTC 2025
Dummy commit on Wed Oct  1 00:11:58 UTC 2025
Dummy commit on Thu Oct  2 00:09:43 UTC 2025
Dummy commit on Fri Oct  3 00:09:47 UTC 2025
Dummy commit on Sat Oct  4 00:09:45 UTC 2025
Dummy commit on Sun Oct  5 00:10:34 UTC 2025
Dummy commit on Mon Oct  6 00:09:57 UTC 2025
Dummy commit on Tue Oct  7 00:10:02 UTC 2025
Dummy commit on Wed Oct  8 00:10:02 UTC 2025
Dummy commit on Thu Oct  9 00:09:49 UTC 2025
Dummy commit on Fri Oct 10 00:10:19 UTC 2025
Dummy commit on Sat Oct 11 00:09:35 UTC 2025
Dummy commit on Sun Oct 12 00:10:11 UTC 2025
Dummy commit on Mon Oct 13 00:10:28 UTC 2025
Dummy commit on Tue Oct 14 00:09:48 UTC 2025
Dummy commit on Wed Oct 15 00:10:08 UTC 2025
Dummy commit on Thu Oct 16 00:10:15 UTC 2025
Dummy commit on Fri Oct 17 00:10:21 UTC 2025
Dummy commit on Sat Oct 18 00:09:36 UTC 2025
Dummy commit on Sun Oct 19 00:11:28 UTC 2025
Dummy commit on Mon Oct 20 00:10:48 UTC 2025
Dummy commit on Tue Oct 21 00:10:23 UTC 2025
Dummy commit on Wed Oct 22 00:10:43 UTC 2025
Dummy commit on Thu Oct 23 00:10:16 UTC 2025
Dummy commit on Fri Oct 24 00:08:41 UTC 2025
Dummy commit on Sat Oct 25 00:09:58 UTC 2025
Dummy commit on Sun Oct 26 00:11:09 UTC 2025
Dummy commit on Mon Oct 27 00:11:05 UTC 2025
Dummy commit on Tue Oct 28 00:10:08 UTC 2025
Dummy commit on Wed Oct 29 00:10:46 UTC 2025
Dummy commit on Thu Oct 30 00:10:38 UTC 2025
Dummy commit on Fri Oct 31 00:10:18 UTC 2025
Dummy commit on Sat Nov  1 00:11:53 UTC 2025
Dummy commit on Sun Nov  2 00:11:22 UTC 2025
Dummy commit on Mon Nov  3 00:10:42 UTC 2025
Dummy commit on Tue Nov  4 00:10:06 UTC 2025
Dummy commit on Wed Nov  5 00:10:29 UTC 2025
Dummy commit on Thu Nov  6 00:10:15 UTC 2025
Dummy commit on Fri Nov  7 00:10:34 UTC 2025
Dummy commit on Sat Nov  8 00:09:54 UTC 2025
Dummy commit on Sun Nov  9 00:11:30 UTC 2025
Dummy commit on Mon Nov 10 00:11:13 UTC 2025
Dummy commit on Tue Nov 11 00:10:33 UTC 2025
Dummy commit on Wed Nov 12 00:10:30 UTC 2025
Dummy commit on Thu Nov 13 00:10:25 UTC 2025
Dummy commit on Fri Nov 14 00:10:28 UTC 2025
Dummy commit on Sat Nov 15 00:10:08 UTC 2025
Dummy commit on Sun Nov 16 00:11:21 UTC 2025
Dummy commit on Mon Nov 17 00:11:02 UTC 2025
Dummy commit on Tue Nov 18 00:10:39 UTC 2025
Dummy commit on Wed Nov 19 00:10:30 UTC 2025
Dummy commit on Thu Nov 20 00:10:34 UTC 2025
Dummy commit on Fri Nov 21 00:10:18 UTC 2025
Dummy commit on Sat Nov 22 00:09:58 UTC 2025
Dummy commit on Sun Nov 23 00:12:10 UTC 2025
Dummy commit on Mon Nov 24 00:11:14 UTC 2025
Dummy commit on Tue Nov 25 00:09:04 UTC 2025
Dummy commit on Wed Nov 26 00:10:34 UTC 2025
Dummy commit on Thu Nov 27 00:10:07 UTC 2025
Dummy commit on Fri Nov 28 00:10:23 UTC 2025
Dummy commit on Sat Nov 29 00:10:02 UTC 2025
Dummy commit on Sun Nov 30 00:12:05 UTC 2025
Dummy commit on Mon Dec  1 00:13:15 UTC 2025
